;eV;e1;e2
0;9.6;-1.978;2.4095
1;9.58;-1.9669;2.4363
2;9.56;-1.9645;2.4652
3;9.54;-1.9675;2.4957
4;9.52;-1.9741;2.5279
5;9.5;-1.9828;2.5613
6;9.48;-1.9927;2.5958
7;9.46;-2.0033;2.6308
8;9.44;-2.014;2.6665
9;9.42;-2.0247;2.7023
10;9.4;-2.0351;2.738
11;9.38;2.0453;2.7733
12;9.36;-2.0552;2.8083
13;9.34;-2.065;2.8427
14;9.32;-2.075;2.8765
15;9.3;-2.0851;2.9093
16;9.28;-2.0957;2.9415
17;9.26;-2.107;2.9731
18;9.24;-2.1193;3.0041
19;9.22;-2.1326;3.0348
20;9.2;-2.1472;3.0653
21;9.18;-2.1631;3.0959
22;9.16;-2.1805;3.1268
23;9.14;-2.1994;3.1586
24;9.12;-2.2196;3.1911
25;9.1;-2.2413;3.225
26;9.08;-2.2641;3.2603
27;9.06;-2.2881;3.2974
28;9.04;-2.3129;3.3361
29;9.02;-2.3384;3.377
30;9.0;-2.3645;3.4199
31;8.98;-2.3909;3.4649
32;8.96;-2.4175;3.5122
33;8.94;-2.4442;3.5617
34;8.92;-2.4709;3.6135
35;8.9;-2.4973;3.6676
36;8.88;-2.5235;3.7242
37;8.86;-2.5493;3.7833
38;8.84;-2.5746;3.845
39;8.82;-2.5992;3.9093
40;8.8;-2.6231;3.9767
41;8.78;-2.646;4.0471
42;8.76;-2.6676;4.1209
43;8.74;-2.6875;4.198
44;8.72;-2.7053;4.2785
45;8.7;-2.7206;4.3624
46;8.68;-2.7329;4.45
47;8.66;-2.7416;4.5412
48;8.64;-2.7462;4.6352
49;8.62;-2.7461;4.7323
50;8.6;-2.7408;4.8322
51;8.58;-2.7296;4.9338
52;8.56;-2.7123;5.0367
53;8.54;-2.6885;5.1403
54;8.52;-2.6578;5.244
55;8.5;-2.6204;5.346
56;8.48;-2.5759;5.4467
57;8.46;-2.525;5.5439
58;8.44;-2.4676;5.6379
59;8.42;-2.4047;5.7268
60;8.4;-2.3364;5.8108
61;8.38;-2.2637;5.8887
62;8.36;-2.1877;5.96
63;8.34;-2.1089;6.0245
64;8.32;-2.0287;6.0819
65;8.3;-1.9478;6.1323
66;8.28;-1.8671;6.1758
67;8.26;-1.7878;6.2126
68;8.24;-1.7106;6.2431
69;8.22;-1.6364;6.2678
70;8.2;-1.5657;6.2874
71;8.18;-1.4991;6.3027
72;8.16;-1.4369;6.3143
73;8.14;-1.3797;6.323
74;8.12;-1.3275;6.3297
75;8.1;-1.2801;6.335
76;8.08;-1.2377;6.3398
77;8.06;-1.2001;6.3448
78;8.04;-1.1671;6.3505
79;8.02;-1.1382;6.3577
80;8.0;-1.1132;6.3667
81;7.98;-1.0915;6.378
82;7.96;-1.0728;6.392
83;7.94;-1.0562;6.4089
84;7.92;-1.0418;6.4286
85;7.9;-1.029;6.4515
86;7.88;-1.0176;6.4775
87;7.86;-1.0072;6.507
88;7.84;-0.99738;6.54
89;7.82;-0.98781;6.5765
90;7.8;-0.97805;6.6166
91;7.78;-0.96781;6.6603
92;7.76;-0.95669;6.7076
93;7.74;-0.94429;6.7586
94;7.72;-0.93032;6.8131
95;7.7;-0.91436;6.8711
96;7.68;-0.89605;6.9325
97;7.66;-0.875;6.9972
98;7.64;-0.85079;7.0653
99;7.62;-0.82294;7.1366
100;7.6;-0.79114;7.2106
101;7.58;-0.75487;7.2874
102;7.56;-0.71355;7.3667
103;7.54;-0.66689;7.448
104;7.52;-0.61417;7.5311
105;7.5;-0.55501;7.6153
106;7.48;-0.48911;7.6999
107;7.46;-0.41551;7.7847
108;7.44;-0.33437;7.8684
109;7.42;-0.24524;7.9501
110;7.4;-0.14772;8.029
111;7.38;-0.042013;8.1037
112;7.36;0.071715;8.1732
113;7.34;0.19338;8.2362
114;7.32;0.32211;8.2913
115;7.3;0.45708;8.3375
116;7.28;0.59723;8.3736
117;7.26;0.74161;8.3988
118;7.24;0.88846;8.4122
119;7.22;1.0365;8.4134
120;7.2;1.1837;8.4022
121;7.18;1.3282;8.3788
122;7.16;1.4689;8.3433
123;7.14;1.6036;8.2967
124;7.12;1.7312;8.2398
125;7.1;1.8506;8.1738
126;7.08;1.9603;8.1001
127;7.06;2.0596;8.0203
128;7.04;2.1485;7.9358
129;7.02;2.2265;7.8481
130;7.0;2.2938;7.759
131;6.98;2.3507;7.6695
132;6.96;2.3977;7.581
133;6.94;2.4355;7.4948
134;6.92;2.4649;7.4114
135;6.9;2.4868;7.3318
136;6.88;2.5019;7.2564
137;6.86;2.5113;7.1854
138;6.84;2.5157;7.1194
139;6.82;2.5159;7.0581
140;6.8;2.5126;7.0016
141;6.78;2.5065;6.9498
142;6.76;2.498;6.9026
143;6.74;2.4877;6.8596
144;6.72;2.4758;6.8207
145;6.7;2.4628;6.7857
146;6.68;2.4489;6.7542
147;6.66;2.4341;6.7262
148;6.64;2.4188;6.7014
149;6.62;2.4029;6.6795
150;6.6;2.3866;6.6605
151;6.58;2.3699;6.6443
152;6.56;2.3528;6.6307
153;6.54;2.3355;6.6197
154;6.52;2.3179;6.6112
155;6.5;2.3001;6.6053
156;6.48;2.2821;6.6017
157;6.46;2.2641;6.6007
158;6.44;2.246;6.602
159;6.42;2.2281;6.6058
160;6.4;2.2102;6.6121
161;6.38;2.1927;6.6207
162;6.36;2.1755;6.6316
163;6.34;2.1589;6.6449
164;6.32;2.1428;6.6604
165;6.3;2.1274;6.6781
166;6.28;2.1129;6.6979
167;6.26;2.0993;6.7196
168;6.24;2.0866;6.7432
169;6.22;2.0749;6.7685
170;6.2;2.0643;6.7953
171;6.18;2.0547;6.8235
172;6.16;2.046;6.853
173;6.14;2.0383;6.8836
174;6.12;2.0313;6.9153
175;6.1;2.0251;6.9479
176;6.08;2.0194;6.9814
177;6.06;2.014;7.0158
178;6.04;2.0088;7.0511
179;6.02;2.0036;7.0873
180;6.0;1.9982;7.1246
181;5.98;1.9924;7.1632
182;5.96;1.9861;7.2032
183;5.94;1.9791;7.2448
184;5.92;1.9714;7.2885
185;5.9;1.9629;7.3346
186;5.88;1.9536;7.3833
187;5.86;1.9437;7.4353
188;5.84;1.9333;7.4906
189;5.82;1.9225;7.55
190;5.8;1.9117;7.6135
191;5.78;1.9013;7.6819
192;5.76;1.8917;7.7551
193;5.74;1.8833;7.8338
194;5.72;1.8768;7.9179
195;5.7;1.8728;8.0077
196;5.68;1.8719;8.1032
197;5.66;1.8748;8.2046
198;5.64;1.8823;8.3117
199;5.62;1.8949;8.4243
200;5.6;1.9135;8.5422
201;5.58;1.9388;8.6648
202;5.56;1.9713;8.792
203;5.54;2.0119;8.9232
204;5.52;2.0608;9.0575
205;5.5;2.1188;9.1944
206;5.48;2.1863;9.3332
207;5.46;2.2635;9.4728
208;5.44;2.3507;9.6126
209;5.42;2.448;9.7514
210;5.4;2.5554;9.8884
211;5.38;2.6728;10.023
212;5.36;2.8001;10.153
213;5.34;2.9365;10.279
214;5.32;3.0821;10.4
215;5.3;3.2359;10.514
216;5.28;3.3974;10.622
217;5.26;3.5656;10.722
218;5.24;3.7397;10.815
219;5.22;3.9193;10.9
220;5.2;4.1032;10.977
221;5.19;4.1968;11.012
222;5.18;4.2911;11.046
223;5.17;4.3863;11.077
224;5.16;4.4821;11.107
225;5.15;4.5787;11.135
226;5.14;4.676;11.161
227;5.13;4.774;11.185
228;5.12;4.8724;11.208
229;5.11;4.9715;11.228
230;5.1;5.071;11.247
231;5.09;5.1714;11.264
232;5.08;5.2721;11.28
233;5.07;5.3735;11.293
234;5.06;5.4752;11.305
235;5.05;5.5774;11.315
236;5.04;5.6803;11.323
237;5.03;5.7836;11.33
238;5.02;5.8875;11.334
239;5.01;5.9917;11.336
240;5.0;6.0965;11.337
241;4.99;6.2015;11.335
242;4.98;6.3067;11.331
243;4.97;6.4123;11.325
244;4.96;6.5178;11.317
245;4.95;6.6236;11.307
246;4.94;6.7291;11.294
247;4.93;6.8348;11.279
248;4.92;6.94;11.261
249;4.91;7.0449;11.242
250;4.9;7.1494;11.22
251;4.89;7.2532;11.195
252;4.88;7.3564;11.169
253;4.87;7.4588;11.14
254;4.86;7.5603;11.108
255;4.85;7.6607;11.075
256;4.84;7.76;11.04
257;4.83;7.858;11.002
258;4.82;7.9546;10.963
259;4.81;8.0498;10.921
260;4.8;8.1434;10.878
261;4.79;8.2353;10.833
262;4.78;8.3257;10.787
263;4.77;8.414;10.739
264;4.76;8.5005;10.69
265;4.75;8.5852;10.639
266;4.74;8.6678;10.587
267;4.73;8.7482;10.535
268;4.72;8.8268;10.482
269;4.71;8.9031;10.428
270;4.7;8.9772;10.373
271;4.69;9.0493;10.319
272;4.68;9.1191;10.264
273;4.67;9.1868;10.209
274;4.66;9.2523;10.155
275;4.65;9.3157;10.101
276;4.64;9.3772;10.047
277;4.63;9.4367;9.9948
278;4.62;9.4945;9.9435
279;4.61;9.5482;9.8934
280;4.6;9.6025;9.845
281;4.59;9.6553;9.7984
282;4.58;9.7071;9.7536
283;4.57;9.7579;9.7111
284;4.56;9.8082;9.6709
285;4.55;9.8582;9.6333
286;4.54;9.9082;9.5983
287;4.53;9.9587;9.566
288;4.52;10.01;9.5365
289;4.51;10.063;9.5099
290;4.5;10.118;9.4861
291;4.49;10.175;9.4649
292;4.48;10.235;9.4463
293;4.47;10.298;9.4298
294;4.46;10.365;9.4153
295;4.45;10.437;9.4023
296;4.44;10.513;9.3903
297;4.43;10.595;9.3788
298;4.42;10.683;9.3671
299;4.41;10.776;9.3544
300;4.4;10.876;9.34
301;4.39;10.981;9.3231
302;4.38;11.093;9.3028
303;4.37;11.211;9.2782
304;4.36;11.335;9.2484
305;4.35;11.464;9.2125
306;4.34;11.598;9.1697
307;4.33;11.736;9.1193
308;4.32;11.877;9.0604
309;4.31;12.021;8.9927
310;4.3;12.167;8.9154
311;4.29;12.314;8.8284
312;4.28;12.459;8.7313
313;4.27;12.604;8.624
314;4.26;12.745;8.507
315;4.25;12.883;8.3799
316;4.24;13.017;8.2434
317;4.23;13.144;8.098
318;4.22;13.265;7.9445
319;4.21;13.378;7.7832
320;4.2;13.484;7.6151
321;4.19;13.58;7.4412
322;4.18;13.667;7.2623
323;4.17;13.745;7.0793
324;4.16;13.814;6.8931
325;4.15;13.872;6.7047
326;4.14;13.921;6.5154
327;4.13;13.961;6.3255
328;4.12;13.991;6.1359
329;4.11;14.012;5.9477
330;4.1;14.024;5.7613
331;4.09;14.029;5.577
332;4.08;14.026;5.3962
333;4.07;14.015;5.2185
334;4.06;13.998;5.0446
335;4.05;13.975;4.875
336;4.04;13.946;4.7095
337;4.03;13.912;4.5489
338;4.02;13.873;4.3927
339;4.01;13.83;4.2414
340;4.0;13.784;4.0951
341;3.9934;13.751;4.0018
342;3.99;13.734;3.9537
343;3.9859;13.712;3.8966
344;3.98;13.681;3.8171
345;3.9783;13.672;3.7948
346;3.9708;13.631;3.696
347;3.97;13.626;3.6857
348;3.9633;13.588;3.6004
349;3.96;13.569;3.5591
350;3.9558;13.545;3.508
351;3.95;13.511;3.4376
352;3.9484;13.501;3.4186
353;3.941;13.457;3.3324
354;3.94;13.451;3.3209
355;3.9336;13.413;3.2491
356;3.93;13.391;3.2092
357;3.9263;13.368;3.1686
358;3.92;13.331;3.1023
359;3.9189;13.325;3.0913
360;3.9116;13.282;3.0168
361;3.91;13.272;3.0003
362;3.9044;13.24;2.9451
363;3.9;13.215;2.9033
364;3.8971;13.2;2.8763
365;3.89;13.162;2.811
366;3.8899;13.162;2.8102
367;3.8827;13.128;2.7469
368;3.88;13.117;2.7236
369;3.8756;13.1;2.6863
370;3.87;13.083;2.6411
371;3.8684;13.08;2.6284
372;3.8613;13.075;2.5732
373;3.86;13.077;2.5632
374;3.8542;12.908;2.5205
375;3.85;12.888;2.4903
376;3.8472;12.875;2.4705
377;3.8401;12.854;2.4155
378;3.84;12.853;2.4143
379;3.8331;12.826;2.3517
380;3.83;12.594;2.3232
381;3.8261;12.611;2.288
382;3.82;12.621;2.2318
383;3.8192;12.621;2.2244
384;3.8122;12.615;2.1611
385;3.81;12.611;2.1405
386;3.8054;12.599;2.0983
387;3.8;12.583;2.0499
388;3.7985;12.578;2.0361
389;3.7916;12.552;1.9745
390;3.7848;12.522;1.9138
391;3.778;12.49;1.854
392;3.7712;12.455;1.7952
393;3.7644;12.419;1.7375
394;3.7577;12.381;1.6809
395;3.751;12.341;1.6256
396;3.7443;12.301;1.5714
397;3.7377;12.259;1.5191
398;3.7311;12.217;1.468
399;3.7245;12.174;1.4182
400;3.718;12.13;1.3698
401;3.7115;12.085;1.3229
402;3.705;12.04;1.2773
403;3.6985;11.995;1.2332
404;3.692;11.95;1.1904
405;3.6856;11.904;1.149
406;3.6792;11.858;1.109
407;3.6728;11.812;1.0703
408;3.6665;11.766;1.033
409;3.6601;11.72;0.99684
410;3.6538;11.674;0.96199
411;3.6475;11.523;0.92839
412;3.6412;11.502;0.8959
413;3.6349;11.474;0.86454
414;3.6287;11.441;0.83431
415;3.6225;11.405;0.80513
416;3.6163;11.368;0.77698
417;3.6102;11.329;0.74981
418;3.604;11.29;0.72359
419;3.5979;11.25;0.69829
420;3.5918;11.211;0.67388
421;3.5857;11.171;0.65037
422;3.5796;11.131;0.62763
423;3.5736;11.091;0.60569
424;3.5675;11.052;0.58455
425;3.5615;11.012;0.56414
426;3.5556;10.973;0.54441
427;3.5496;10.935;0.52539
428;3.5436;10.896;0.50698
429;3.5377;10.858;0.48924
430;3.5318;10.821;0.47207
431;3.5259;10.784;0.45551
432;3.5201;10.747;0.43948
433;3.5142;10.71;0.42401
434;3.5084;10.674;0.40902
435;3.5026;10.639;0.39453
436;3.4968;10.603;0.38052
437;3.491;10.569;0.36697
438;3.4853;10.534;0.35385
439;3.4795;10.5;0.34116
440;3.4738;10.467;0.32887
441;3.4681;10.433;0.31698
442;3.4625;10.401;0.30545
443;3.4568;10.368;0.29429
444;3.4512;10.336;0.28347
445;3.4455;10.304;0.27299
446;3.4399;10.273;0.26284
447;3.4344;10.242;0.25299
448;3.4288;10.212;0.24346
449;3.4232;10.181;0.23421
450;3.4177;10.151;0.22524
451;3.4122;10.122;0.21656
452;3.4067;10.093;0.20814
453;3.4012;10.064;0.19997
454;3.3958;10.035;0.19205
455;3.3903;10.007;0.18438
456;3.3849;9.9793;0.17695
457;3.3795;9.9518;0.16974
458;3.3741;9.9245;0.16276
459;3.3687;9.8976;0.15599
460;3.3634;9.871;0.14944
461;3.3581;9.8446;0.14309
462;3.3527;9.8186;0.13694
463;3.3474;9.7928;0.13098
464;3.3421;9.7674;0.12522
465;3.3369;9.7422;0.11964
466;3.3316;9.7172;0.11424
467;3.3264;9.6926;0.10902
468;3.3212;9.6682;0.10397
469;3.316;9.6441;0.099097
470;3.3108;9.6203;0.094384
471;3.3056;9.5967;0.089835
472;3.3004;9.5734;0.085439
473;3.2953;9.5503;0.0812
474;3.2902;9.5275;0.077117
475;3.2851;9.5049;0.073177
476;3.28;9.4826;0.069385
477;3.2749;9.4604;0.065731
478;3.2698;9.4386;0.062219
479;3.2648;9.417;0.058847
480;3.2598;9.3956;0.055604
481;3.2548;9.3744;0.052488
482;3.2497;9.3534;0.049504
483;3.2448;9.3327;0.046649
484;3.2398;9.3122;0.043914
485;3.2348;9.292;0.041302
486;3.2299;9.2719;0.038807
487;3.225;9.2521;0.03643
488;3.2201;9.2325;0.034166
489;3.2152;9.2131;0.032015
490;3.2103;9.1939;0.029973
491;3.2055;9.1749;0.02804
492;3.2006;9.1562;0.026212
493;3.1958;9.1376;0.024487
494;3.191;9.1192;0.022868
495;3.1861;9.1011;0.021346
496;3.1813;9.0831;0.019924
497;3.1766;9.0654;0.018598
498;3.1718;9.0478;0.017368
499;3.1671;9.0305;0.016234
500;3.1623;9.0134;0.015188
501;3.1576;8.9964;0.014234
502;3.1529;8.9797;0.01337
503;3.1482;8.9632;0.012593
504;3.1435;8.9469;0.011901
505;3.1389;8.9308;0.011295
506;3.1342;8.915;0.010771
507;3.1296;8.8994;0.010308
508;3.125;8.884;0.0098662
509;3.1204;8.8688;0.009442
510;3.1158;8.8539;0.0090358
511;3.1112;8.8391;0.008646
512;3.1066;8.8245;0.0082722
513;3.1021;8.81;0.0079136
514;3.0975;8.7958;0.0075705
515;3.093;8.7817;0.0072422
516;3.0885;8.7678;0.0069267
517;3.084;8.754;0.0066248
518;3.0795;8.7404;0.0063355
519;3.075;8.727;0.0060587
520;3.0705;8.7137;0.0057929
521;3.0661;8.7005;0.0055387
522;3.0617;8.6875;0.0052957
523;3.0572;8.6746;0.0050623
524;3.0528;8.6619;0.0048392
525;3.0485;8.6494;0.0046274
526;3.0441;8.6371;0.0044245
527;3.0398;8.6248;0.00423
528;3.0354;8.6127;0.0040438
529;3.0311;8.6007;0.0038658
530;3.0268;8.5888;0.0036949
531;3.0225;8.577;0.0035317
532;3.0183;8.5654;0.0033757
533;3.014;8.5539;0.003226
534;3.0098;8.5425;0.003083
535;3.0055;8.5312;0.0029458
536;3.0013;8.52;0.0028148
537;2.9971;8.5089;0.0026896
538;2.9929;8.4979;0.0025696
539;2.9887;8.4871;0.002455
540;2.9845;8.4763;0.002345
541;2.9803;8.4656;0.0022401
542;2.9761;8.4551;0.0021397
543;2.972;8.4446;0.0020437
544;2.9679;8.4342;0.001952
545;2.9637;8.4239;0.0018641
546;2.9596;8.4138;0.0017803
547;2.9555;8.4037;0.0017001
548;2.9514;8.3937;0.0016234
549;2.9474;8.3838;0.00155
550;2.9433;8.3739;0.0014799
551;2.9392;8.3642;0.0014129
552;2.9352;8.3545;0.001349
553;2.9311;8.345;0.0012877
554;2.9271;8.3355;0.0012293
555;2.9231;8.3261;0.0011735
556;2.9191;8.3168;0.0011201
557;2.9151;8.3075;0.0010691
558;2.9111;8.2984;0.0010204
559;2.9072;8.2893;0.00097381
560;2.9032;8.2803;0.00092933
561;2.8993;8.2713;0.00088683
562;2.8953;8.2625;0.00084633
563;2.8914;8.2537;0.00080755
564;2.8875;8.245;0.0007706
565;2.8836;8.2363;0.00073521
566;2.8797;8.2278;0.00070151
567;2.8758;8.2193;0.00066923
568;2.8719;8.2108;0.0006385
569;2.8681;8.2025;0.00060914
570;2.8642;8.1942;0.00058111
571;2.8604;8.1859;0.00055428
572;2.8565;8.1778;0.00052874
573;2.8527;8.1697;0.00050435
574;2.8489;8.1617;0.00048107
575;2.8451;8.1537;0.00045885
576;2.8413;8.1458;0.00043764
577;2.8375;8.1379;0.00041739
578;2.8338;8.1301;0.00039807
579;2.83;8.1224;0.00037963
580;2.8263;8.1147;0.00036203
581;2.8225;8.1071;0.0003452
582;2.8188;8.0996;0.00032918
583;2.8151;8.0921;0.0003139
584;2.8114;8.0846;0.00029931
585;2.8077;8.0772;0.0002854
586;2.804;8.0699;0.00027213
587;2.8003;8.0626;0.00025947
588;2.7966;8.0554;0.00024736
589;2.7929;8.0483;0.00023584
590;2.7893;8.0411;0.00022485
591;2.7856;8.0341;0.00021435
592;2.782;8.0271;0.00020435
593;2.7784;8.0201;0.00019482
594;2.7748;8.0132;0.00018571
595;2.7712;8.0063;0.00017702
596;2.7676;7.9995;0.00016876
597;2.764;7.9928;0.00016086
598;2.7604;7.986;0.00015332
599;2.7568;7.9794;0.00014614
600;2.7533;7.9727;0.0001393
601;2.7497;7.9662;0.00013277
602;2.7462;7.9596;0.00012655
603;2.7427;7.9532;0.00012062
604;2.7391;7.9467;0.00011496
605;2.7356;7.9403;0.00010956
606;2.7321;7.934;0.00010442
607;2.7286;7.9277;9.9513e-05
608;2.7251;7.9214;9.4848e-05
609;2.7217;7.9152;9.0388e-05
610;2.7182;7.909;8.6139e-05
611;2.7147;7.9029;8.2089e-05
612;2.7113;7.8968;7.823e-05
613;2.7078;7.8907;7.4552e-05
614;2.7044;7.8847;7.1038e-05
615;2.701;7.8787;6.7699e-05
616;2.6976;7.8728;6.4509e-05
617;2.6941;7.8669;6.1469e-05
618;2.6907;7.861;5.8573e-05
619;2.6874;7.8552;5.5814e-05
620;2.684;7.8494;5.3186e-05
621;2.6806;7.8437;5.0675e-05
622;2.6772;7.838;4.8289e-05
623;2.6739;7.8323;4.601e-05
624;2.6705;7.8267;4.3839e-05
625;2.6672;7.8211;4.1771e-05
626;2.6638;7.8155;3.9802e-05
627;2.6605;7.81;3.7926e-05
628;2.6572;7.8045;3.6134e-05
629;2.6539;7.7991;3.4432e-05
630;2.6506;7.7937;3.2806e-05
631;2.6473;7.7883;3.1257e-05
632;2.644;7.7829;2.9778e-05
633;2.6408;7.7776;2.8374e-05
634;2.6375;7.7723;2.7032e-05
635;2.6342;7.7671;2.5759e-05
636;2.631;7.7618;2.4542e-05
637;2.6277;7.7566;2.338e-05
638;2.6245;7.7515;2.2277e-05
639;2.6213;7.7464;2.1223e-05
640;2.6181;7.7413;2.0223e-05
641;2.6148;7.7362;1.9265e-05
642;2.6117;7.7312;1.8356e-05
643;2.6085;7.7262;1.749e-05
644;2.6053;7.7212;1.6662e-05
645;2.6021;7.7163;1.5875e-05
646;2.5989;7.7114;1.5125e-05
647;2.5958;7.7065;1.4411e-05
648;2.5926;7.7016;1.3729e-05
649;2.5895;7.6968;1.308e-05
650;2.5863;7.692;1.2463e-05
651;2.5832;7.6872;1.1874e-05
652;2.58;7.6825;1.1312e-05
653;2.577;7.6778;1.0783e-05
654;2.5739;7.6732;1.0278e-05
655;2.5708;7.6686;9.7963e-06
656;2.5677;7.664;9.3372e-06
657;2.5647;7.6594;8.9002e-06
658;2.5616;7.6549;8.4826e-06
659;2.5586;7.6504;8.0863e-06
660;2.5555;7.6459;7.7078e-06
661;2.5525;7.6414;7.346e-06
662;2.5495;7.637;7.0028e-06
663;2.5464;7.6326;6.6748e-06
664;2.5434;7.6282;6.3615e-06
665;2.5404;7.6238;6.0643e-06
666;2.5374;7.6195;5.7802e-06
667;2.5344;7.6152;5.5098e-06
668;2.5315;7.6109;5.2523e-06
669;2.5285;7.6066;5.0063e-06
670;2.5255;7.6024;4.7721e-06
671;2.5226;7.5981;4.5491e-06
672;2.5196;7.5939;4.3361e-06
673;2.5166;7.5898;4.134e-06
674;2.5137;7.5856;3.9402e-06
675;2.5108;7.5815;3.7564e-06
676;2.5078;7.5774;3.5808e-06
677;2.5049;7.5733;3.4136e-06
678;2.502;7.5693;3.2539e-06
679;2.4991;7.5652;3.1023e-06
680;2.4962;7.5612;2.9575e-06
681;2.4933;7.5572;2.8193e-06
682;2.4904;7.5532;2.6876e-06
683;2.4875;7.5493;2.5622e-06
684;2.4847;7.5454;2.4429e-06
685;2.4818;7.5415;2.3289e-06
686;2.4789;7.5376;2.2204e-06
687;2.4761;7.5337;2.117e-06
688;2.4732;7.5299;2.0183e-06
689;2.4704;7.526;1.9243e-06
690;2.4676;7.5222;1.8345e-06
691;2.4647;7.5184;1.7491e-06
692;2.4619;7.5147;1.6677e-06
693;2.4591;7.5109;1.5902e-06
694;2.4563;7.5072;1.5162e-06
695;2.4535;7.5035;1.4458e-06
696;2.4507;7.4998;1.3785e-06
697;2.4479;7.4961;1.3144e-06
698;2.4451;7.4925;1.2534e-06
699;2.4423;7.4889;1.1951e-06
700;2.4396;7.4852;1.1396e-06
701;2.4368;7.4816;1.0866e-06
702;2.434;7.4781;1.0363e-06
703;2.4313;7.4745;9.8813e-07
704;2.4285;7.471;9.424e-07
705;2.4258;7.4675;8.9871e-07
706;2.4231;7.4639;8.5696e-07
707;2.4203;7.4605;8.1736e-07
708;2.4176;7.457;7.7953e-07
709;2.4149;7.4535;7.4337e-07
710;2.4122;7.4501;7.0895e-07
711;2.4095;7.4467;6.762e-07
712;2.4068;7.4433;6.4489e-07
713;2.4041;7.4399;6.1508e-07
714;2.4014;7.4365;5.8672e-07
715;2.3987;7.4332;5.596e-07
716;2.3961;7.4299;5.3379e-07
717;2.3934;7.4265;5.0912e-07
718;2.3907;7.4233;4.8564e-07
719;2.3881;7.42;4.632e-07
720;2.3854;7.4167;4.4184e-07
721;2.3828;7.4134;4.215e-07
722;2.3801;7.4102;4.0207e-07
723;2.3775;7.407;3.8357e-07
724;2.3749;7.4038;3.6595e-07
725;2.3723;7.4006;3.4912e-07
726;2.3697;7.3974;3.3303e-07
727;2.3671;7.3943;3.1771e-07
728;2.3644;7.3911;3.0313e-07
729;2.3619;7.388;2.8919e-07
730;2.3593;7.3849;2.7592e-07
731;2.3567;7.3818;2.6329e-07
732;2.3541;7.3787;2.5121e-07
733;2.3515;7.3756;2.3967e-07
734;2.3489;7.3726;2.2869e-07
735;2.3464;7.3695;2.1822e-07
736;2.3438;7.3665;2.0822e-07
737;2.3413;7.3635;1.987e-07
738;2.3387;7.3605;1.8964e-07
739;2.3362;7.3575;1.8094e-07
740;2.3337;7.3546;1.7269e-07
741;2.3311;7.3516;1.648e-07
742;2.3286;7.3487;1.5729e-07
743;2.3261;7.3457;1.5011e-07
744;2.3236;7.3428;1.4325e-07
745;2.3211;7.3399;1.3671e-07
746;2.3186;7.337;1.3049e-07
747;2.3161;7.3342;1.2454e-07
748;2.3136;7.3313;1.1888e-07
749;2.3111;7.3285;1.1348e-07
750;2.3086;7.3256;1.0833e-07
751;2.3061;7.3228;1.034e-07
752;2.3037;7.32;9.8702e-08
753;2.3012;7.3172;9.4213e-08
754;2.2987;7.3144;8.9938e-08
755;2.2963;7.3116;8.5867e-08
756;2.2938;7.3089;8.1976e-08
757;2.2914;7.3061;7.8267e-08
758;2.2889;7.3034;7.4723e-08
759;2.2865;7.3007;7.1335e-08
760;2.2841;7.298;6.8105e-08
761;2.2817;7.2953;6.5032e-08
762;2.2792;7.2926;6.2093e-08
763;2.2768;7.2899;5.9292e-08
764;2.2744;7.2873;5.6615e-08
765;2.272;7.2846;5.4066e-08
766;2.2696;7.282;5.1626e-08
767;2.2672;7.2794;4.9303e-08
768;2.2648;7.2768;4.7082e-08
769;2.2625;7.2742;4.4966e-08
770;2.2601;7.2716;4.2941e-08
771;2.2577;7.269;4.1014e-08
772;2.2553;7.2664;3.917e-08
773;2.253;7.2639;3.7406e-08
774;2.2506;7.2613;3.5734e-08
775;2.2483;7.2588;3.4127e-08
776;2.2459;7.2563;3.2603e-08
777;2.2436;7.2537;3.1138e-08
778;2.2412;7.2512;2.9744e-08
779;2.2389;7.2488;2.8415e-08
780;2.2366;7.2463;2.7144e-08
781;2.2343;7.2438;2.5943e-08
782;2.232;7.2414;2.4794e-08
783;2.2297;7.239;2.3699e-08
784;2.2274;7.2366;2.2651e-08
785;2.2251;7.2342;2.1648e-08
786;2.2228;7.2318;2.0691e-08
787;2.2206;7.2294;1.978e-08
788;2.2183;7.227;1.8908e-08
789;2.216;7.2246;1.8073e-08
790;2.2138;7.2223;1.7277e-08
791;2.2115;7.2199;1.6519e-08
792;2.2092;7.2176;1.579e-08
793;2.207;7.2153;1.5098e-08
794;2.2048;7.213;1.4432e-08
795;2.2025;7.2107;1.3801e-08
796;2.2003;7.2084;1.3193e-08
797;2.1981;7.2061;1.2615e-08
798;2.1958;7.2038;1.2063e-08
799;2.1936;7.2015;1.1535e-08
800;2.1914;7.1993;1.1029e-08
801;2.1892;7.197;1.0546e-08
802;2.187;7.1948;1.0087e-08
803;2.1848;7.1926;9.6466e-09
804;2.1826;7.1903;9.225e-09
805;2.1804;7.1881;8.8215e-09
806;2.1782;7.1859;8.4385e-09
807;2.176;7.1837;8.0697e-09
808;2.1738;7.1815;7.7185e-09
809;2.1717;7.1794;7.3837e-09
810;2.1695;7.1772;7.0612e-09
811;2.1673;7.175;6.7553e-09
812;2.1651;7.1729;6.4611e-09
813;2.163;7.1708;6.1819e-09
814;2.1608;7.1686;5.9129e-09
815;2.1587;7.1665;5.6567e-09
816;2.1565;7.1644;5.4125e-09
817;2.1544;7.1623;5.1783e-09
818;2.1523;7.1602;4.954e-09
819;2.1501;7.1581;4.7402e-09
820;2.148;7.156;4.5354e-09
821;2.1459;7.1539;4.3391e-09
822;2.1438;7.1519;4.1519e-09
823;2.1416;7.1498;3.9736e-09
824;2.1395;7.1477;3.8018e-09
825;2.1374;7.1457;3.6387e-09
826;2.1353;7.1437;3.4817e-09
827;2.1332;7.1417;3.3321e-09
828;2.1311;7.1396;3.1893e-09
829;2.129;7.1376;3.0524e-09
830;2.127;7.1356;2.9214e-09
831;2.1249;7.1336;2.7964e-09
832;2.1228;7.1316;2.6765e-09
833;2.1207;7.1297;2.5617e-09
834;2.1186;7.1277;2.4522e-09
835;2.1166;7.1257;2.3477e-09
836;2.1145;7.1238;2.2471e-09
837;2.1125;7.1218;2.1516e-09
838;2.1104;7.1199;2.0597e-09
839;2.1084;7.118;1.9719e-09
840;2.1063;7.116;1.8878e-09
841;2.1043;7.1141;1.8075e-09
842;2.1022;7.1122;1.7307e-09
843;2.1002;7.1103;1.6573e-09
844;2.0982;7.1084;1.5869e-09
845;2.0961;7.1065;1.5195e-09
846;2.0941;7.1047;1.4552e-09
847;2.0921;7.1028;1.3935e-09
848;2.0901;7.1009;1.3344e-09
849;2.0881;7.099;1.278e-09
850;2.0861;7.0972;1.2239e-09
851;2.084;7.0954;1.1723e-09
852;2.0821;7.0935;1.1228e-09
853;2.08;7.0917;1.0754e-09
854;2.0781;7.0899;1.0301e-09
855;2.0761;7.088;9.8663e-10
856;2.0741;7.0862;9.452e-10
857;2.0721;7.0844;9.0549e-10
858;2.0701;7.0826;8.6737e-10
859;2.0682;7.0808;8.3099e-10
860;2.0662;7.0791;7.9612e-10
861;2.0642;7.0773;7.6269e-10
862;2.0623;7.0755;7.3076e-10
863;2.0603;7.0737;7.0012e-10
864;2.0584;7.072;6.7091e-10
865;2.0564;7.0702;6.429e-10
866;2.0545;7.0685;6.1599e-10
867;2.0525;7.0668;5.9032e-10
868;2.0506;7.065;5.657e-10
869;2.0486;7.0633;5.421e-10
870;2.0467;7.0616;5.1954e-10
871;2.0448;7.0599;4.979e-10
872;2.0429;7.0582;4.7726e-10
873;2.0409;7.0565;4.5736e-10
874;2.039;7.0548;4.3844e-10
875;2.0371;7.0531;4.2019e-10
876;2.0352;7.0514;4.0278e-10
877;2.0333;7.0497;3.8609e-10
878;2.0314;7.048;3.7013e-10
879;2.0295;7.0464;3.5482e-10
880;2.0276;7.0447;3.4013e-10
881;2.0257;7.0431;3.2612e-10
882;2.0238;7.0414;3.1266e-10
883;2.0219;7.0398;2.998e-10
884;2.02;7.0382;2.874e-10
885;2.0181;7.0365;2.7558e-10
886;2.0163;7.0349;2.6427e-10
887;2.0144;7.0333;2.5341e-10
888;2.0125;7.0317;2.43e-10
889;2.0107;7.0301;2.3301e-10
890;2.0088;7.0285;2.2346e-10
891;2.0069;7.0269;2.1429e-10
892;2.0051;7.0253;2.0554e-10
893;2.0032;7.0237;1.9715e-10
894;2.0014;7.0221;1.8908e-10
